acrotomophilia,97-99-114-111-116-111-109-111-112-104-105-108-105-97
anal,97-110-97-108
anilingus,97-110-105-108-105-110-103-117-115
anus,97-110-117-115
apeshit,97-112-101-115-104-105-116
arsehole,97-114-115-101-104-111-108-101
ass,97-115-115
asshole,97-115-115-104-111-108-101
assmunch,97-115-115-109-117-110-99-104
autoerotic,97-117-116-111-101-114-111-116-105-99
babeland,98-97-98-101-108-97-110-100
bangbros,98-97-110-103-98-114-111-115
bangbus,98-97-110-103-98-117-115
bareback,98-97-114-101-98-97-99-107
barenaked,98-97-114-101-110-97-107-101-100
bastard,98-97-115-116-97-114-100
bastardo,98-97-115-116-97-114-100-111
bastinado,98-97-115-116-105-110-97-100-111
bbw,98-98-119
bdsm,98-100-115-109
beaner,98-101-97-110-101-114
beaners,98-101-97-110-101-114-115
beastiality,98-101-97-115-116-105-97-108-105-116-121
bestiality,98-101-115-116-105-97-108-105-116-121
bimbos,98-105-109-98-111-115
birdlock,98-105-114-100-108-111-99-107
bitch,98-105-116-99-104
bitches,98-105-116-99-104-101-115
blowjob,98-108-111-119-106-111-98
blumpkin,98-108-117-109-112-107-105-110
bollocks,98-111-108-108-111-99-107-115
bondage,98-111-110-100-97-103-101
boner,98-111-110-101-114
boob,98-111-111-98
boobs,98-111-111-98-115
bukkake,98-117-107-107-97-107-101
bulldyke,98-117-108-108-100-121-107-101
bullshit,98-117-108-108-115-104-105-116
bunghole,98-117-110-103-104-111-108-101
busty,98-117-115-116-121
butt,98-117-116-116
buttcheeks,98-117-116-116-99-104-101-101-107-115
butthole,98-117-116-116-104-111-108-101
camgirl,99-97-109-103-105-114-108
camslut,99-97-109-115-108-117-116
camwhore,99-97-109-119-104-111-114-101
carpetmuncher,99-97-114-112-101-116-109-117-110-99-104-101-114
cialis,99-105-97-108-105-115
circlejerk,99-105-114-99-108-101-106-101-114-107
clit,99-108-105-116
clitoris,99-108-105-116-111-114-105-115
clusterfuck,99-108-117-115-116-101-114-102-117-99-107
cock,99-111-99-107
cocks,99-111-99-107-115
coprolagnia,99-111-112-114-111-108-97-103-110-105-97
coprophilia,99-111-112-114-111-112-104-105-108-105-97
cornhole,99-111-114-110-104-111-108-101
coon,99-111-111-110
coons,99-111-111-110-115
creampie,99-114-101-97-109-112-105-101
cum,99-117-109
cumming,99-117-109-109-105-110-103
cumshot,99-117-109-115-104-111-116
cumshots,99-117-109-115-104-111-116-115
cunnilingus,99-117-110-110-105-108-105-110-103-117-115
cunt,99-117-110-116
darkie,100-97-114-107-105-101
daterape,100-97-116-101-114-97-112-101
deepthroat,100-101-101-112-116-104-114-111-97-116
dendrophilia,100-101-110-100-114-111-112-104-105-108-105-97
dick,100-105-99-107
dildo,100-105-108-100-111
dingleberry,100-105-110-103-108-101-98-101-114-114-121
dingleberries,100-105-110-103-108-101-98-101-114-114-105-101-115
doggiestyle,100-111-103-103-105-101-115-116-121-108-101
doggystyle,100-111-103-103-121-115-116-121-108-101
dolcett,100-111-108-99-101-116-116
domination,100-111-109-105-110-97-116-105-111-110
dominatrix,100-111-109-105-110-97-116-114-105-120
dommes,100-111-109-109-101-115
dvda,100-118-100-97
ecchi,101-99-99-104-105
ejaculation,101-106-97-99-117-108-97-116-105-111-110
erotic,101-114-111-116-105-99
erotism,101-114-111-116-105-115-109
escort,101-115-99-111-114-116
eunuch,101-117-110-117-99-104
fag,102-97-103
faggot,102-97-103-103-111-116
fecal,102-101-99-97-108
felch,102-101-108-99-104
fellatio,102-101-108-108-97-116-105-111
feltch,102-101-108-116-99-104
femdom,102-101-109-100-111-109
figging,102-105-103-103-105-110-103
fingerbang,102-105-110-103-101-114-98-97-110-103
fingering,102-105-110-103-101-114-105-110-103
fisting,102-105-115-116-105-110-103
footjob,102-111-111-116-106-111-98
frotting,102-114-111-116-116-105-110-103
fuck,102-117-99-107
fuckin,102-117-99-107-105-110
fucking,102-117-99-107-105-110-103
fucktards,102-117-99-107-116-97-114-100-115
fudgepacker,102-117-100-103-101-112-97-99-107-101-114
futanari,102-117-116-97-110-97-114-105
gangbang,103-97-110-103-98-97-110-103
genitals,103-101-110-105-116-97-108-115
goatcx,103-111-97-116-99-120
goatse,103-111-97-116-115-101
gokkun,103-111-107-107-117-110
goodpoop,103-111-111-100-112-111-111-112
goregasm,103-111-114-101-103-97-115-109
grope,103-114-111-112-101
guro,103-117-114-111
handjob,104-97-110-100-106-111-98
hardcore,104-97-114-100-99-111-114-101
hentai,104-101-110-116-97-105
homoerotic,104-111-109-111-101-114-111-116-105-99
honkey,104-111-110-107-101-121
hooker,104-111-111-107-101-114
horny,104-111-114-110-121
humping,104-117-109-112-105-110-103
incest,105-110-99-101-115-116
intercourse,105-110-116-101-114-99-111-117-114-115-101
jailbait,106-97-105-108-98-97-105-116
jigaboo,106-105-103-97-98-111-111
jiggaboo,106-105-103-103-97-98-111-111
jiggerboo,106-105-103-103-101-114-98-111-111
jizz,106-105-122-122
juggs,106-117-103-103-115
kike,107-105-107-101
kinbaku,107-105-110-98-97-107-117
kinkster,107-105-110-107-115-116-101-114
kinky,107-105-110-107-121
knobbing,107-110-111-98-98-105-110-103
livesex,108-105-118-101-115-101-120
lolita,108-111-108-105-116-97
lovemaking,108-111-118-101-109-97-107-105-110-103
masturbate,109-97-115-116-117-114-98-97-116-101
masturbating,109-97-115-116-117-114-98-97-116-105-110-103
masturbation,109-97-115-116-117-114-98-97-116-105-111-110
milf,109-105-108-102
mong,109-111-110-103
motherfucker,109-111-116-104-101-114-102-117-99-107-101-114
muffdiving,109-117-102-102-100-105-118-105-110-103
nambla,110-97-109-98-108-97
nawashi,110-97-119-97-115-104-105
negro,110-101-103-114-111
neonazi,110-101-111-110-97-122-105
nigga,110-105-103-103-97
nigger,110-105-103-103-101-114
nimphomania,110-105-109-112-104-111-109-97-110-105-97
nipple,110-105-112-112-108-101
nipples,110-105-112-112-108-101-115
nsfw,110-115-102-119
nude,110-117-100-101
nudity,110-117-100-105-116-121
nutten,110-117-116-116-101-110
nympho,110-121-109-112-104-111
nymphomania,110-121-109-112-104-111-109-97-110-105-97
octopussy,111-99-116-111-112-117-115-115-121
omorashi,111-109-111-114-97-115-104-105
orgasm,111-114-103-97-115-109
orgy,111-114-103-121
paedophile,112-97-101-100-111-112-104-105-108-101
paki,112-97-107-105
panties,112-97-110-116-105-101-115
panty,112-97-110-116-121
pedobear,112-101-100-111-98-101-97-114
pedophile,112-101-100-111-112-104-105-108-101
pegging,112-101-103-103-105-110-103
penis,112-101-110-105-115
pikey,112-105-107-101-121
pissing,112-105-115-115-105-110-103
pisspig,112-105-115-115-112-105-103
playboy,112-108-97-121-98-111-121
ponyplay,112-111-110-121-112-108-97-121
poof,112-111-111-102
poon,112-111-111-110
poontang,112-111-111-110-116-97-110-103
punany,112-117-110-97-110-121
poopchute,112-111-111-112-99-104-117-116-101
porn,112-111-114-110
porno,112-111-114-110-111
pornography,112-111-114-110-111-103-114-97-112-104-121
pthc,112-116-104-99
pubes,112-117-98-101-115
pussy,112-117-115-115-121
queaf,113-117-101-97-102
queef,113-117-101-101-102
quim,113-117-105-109
raghead,114-97-103-104-101-97-100
rape,114-97-112-101
raping,114-97-112-105-110-103
rapist,114-97-112-105-115-116
rectum,114-101-99-116-117-109
rimjob,114-105-109-106-111-98
rimming,114-105-109-109-105-110-103
sadism,115-97-100-105-115-109
santorum,115-97-110-116-111-114-117-109
scat,115-99-97-116
schlong,115-99-104-108-111-110-103
scissoring,115-99-105-115-115-111-114-105-110-103
semen,115-101-109-101-110
sex,115-101-120
sexcam,115-101-120-99-97-109
sexo,115-101-120-111
sexy,115-101-120-121
sexual,115-101-120-117-97-108
sexually,115-101-120-117-97-108-108-121
sexuality,115-101-120-117-97-108-105-116-121
shemale,115-104-101-109-97-108-101
shibari,115-104-105-98-97-114-105
shit,115-104-105-116
shitblimp,115-104-105-116-98-108-105-109-112
shitty,115-104-105-116-116-121
shota,115-104-111-116-97
shrimping,115-104-114-105-109-112-105-110-103
skeet,115-107-101-101-116
slanteye,115-108-97-110-116-101-121-101
slut,115-108-117-116
smut,115-109-117-116
snatch,115-110-97-116-99-104
snowballing,115-110-111-119-98-97-108-108-105-110-103
sodomize,115-111-100-111-109-105-122-101
sodomy,115-111-100-111-109-121
spastic,115-112-97-115-116-105-99
spic,115-112-105-99
splooge,115-112-108-111-111-103-101
spooge,115-112-111-111-103-101
spunk,115-112-117-110-107
strapon,115-116-114-97-112-111-110
strappado,115-116-114-97-112-112-97-100-111
suck,115-117-99-107
sucks,115-117-99-107-115
swastika,115-119-97-115-116-105-107-97
swinger,115-119-105-110-103-101-114
threesome,116-104-114-101-101-115-111-109-101
throating,116-104-114-111-97-116-105-110-103
thumbzilla,116-104-117-109-98-122-105-108-108-97
tit,116-105-116
tits,116-105-116-115
titties,116-105-116-116-105-101-115
titty,116-105-116-116-121
topless,116-111-112-108-101-115-115
tosser,116-111-115-115-101-114
towelhead,116-111-119-101-108-104-101-97-100
tranny,116-114-97-110-110-121
tribadism,116-114-105-98-97-100-105-115-109
tubgirl,116-117-98-103-105-114-108
tushy,116-117-115-104-121
twat,116-119-97-116
twink,116-119-105-110-107
twinkie,116-119-105-110-107-105-101
undressing,117-110-100-114-101-115-115-105-110-103
upskirt,117-112-115-107-105-114-116
urophilia,117-114-111-112-104-105-108-105-97
vagina,118-97-103-105-110-97
viagra,118-105-97-103-114-97
vibrator,118-105-98-114-97-116-111-114
vorarephilia,118-111-114-97-114-101-112-104-105-108-105-97
voyeur,118-111-121-101-117-114
voyeurweb,118-111-121-101-117-114-119-101-98
voyuer,118-111-121-117-101-114
vulva,118-117-108-118-97
wank,119-97-110-107
wetback,119-101-116-98-97-99-107
whore,119-104-111-114-101
worldsex,119-111-114-108-100-115-101-120
xx,120-120
xxx,120-120-120
yaoi,121-97-111-105
yiffy,121-105-102-102-121
zoophilia,122-111-111-112-104-105-108-105-97
